station_id,business_partner_name
RYM0213,PSS A KEROH RSA (NB)
RYJ0284,PSS FELDA SG MAS
RYB0449,PSS IJOK
RYJ0418,PSS JLN BAKRI 2
RYM0315,PSS JLN TUN PERAK
RYN0864,PSS KUALA PILAH 2
RYD0303,PSS PENGKALAN KUBOR
RYJ0564,PSS TMN SELESA JAYA
RYM0543,PSS AIR MOLEK
RYJ0730,PSS BDR PUTRA 1
RYD0527,PSS MUKIM LEMAL
RYN1209,PSS NILAI IMPIAN
RYJ0185,PSS KM 11 JLN SKUDAI
RYJ0991,PSS PARIT BINTANG
RYN0261,PSS BAHAU 1 ROMPIN
RYJ0998,PSS BDR INDAHPURA
RYM0198,PSS CHENG
RYB0036,PSS SUBANG AIRPORT
RYT1117,PSS BATU 22 KUALA BERANG
RYJ0120,PSS KOTA TINGGI
RYJ0208,PSS SIMPANG RENGGAM
RYW0510,PSS LOT 353 J CHERAS
RYN0232,PSS MANTIN
RYJ0142,PSS BUKIT GAMBIR
RYJ0109,PSS FELDA BUKIT WAHA
RYT1145,PSS GELIGA
RYA0373,PSS KG KOH
RYJ1017,PSS LEBOH DESA CEMERLANG
RYM0175,PSS LUBUK CINA
RYD1086,PSS MACHANG BY-PASS
RYJ0955,PSS TMN IMPIAN EMAS
RYJ1018,PSS JLN ROSEMERAH
RYM0114,PSS BATU BERENDAM
RYD0426,PSS KEMAHANG
RYN1230,PSS KLIA QUARTERS
RYJ0512,PSS MACHAP A SELATAN
RYJ0644,PSS PASIR GUDANG H/WAY 3
RYP0027,PSS GREEN LANE (MASJID NEGERI)
RYK0371,PSS KELEBANG L'KAWI
RYC1204,PSS DAMANSARA KUANTAN
RYJ0767,PSS TMN CAHAYA MASAI
RYJ0442,PSS AIR HITAM
RYJ0136,PSS DESARU
RYJ0936,PSS JLN ULU TIRAM
RYB0606,PSS SG CHOH RAWANG
RYD0288,PSS TUMPAT
RYJ1072,PSS BUKIT INDAH 1
RYC1164,PSS BUKIT PELINDUNG
RYJ0960,PSS KM 13 JLN SKUDAI
RYM1104,PSS BANDAR BARU SUNGAI UDANG
RYC0409,PSS JLN TRAS BENTONG
RYM1195,PSS BUKIT KATIL
RYJ0901,PSS SIMPANG KANAN 2
RYJ1211,PSS TAN SWEE HOE
RYJ0775,PSS TMN BAYU PUTERI
RYD0046,PSS PASIR PEKAN
RYP0089,PSS BAGAN AJAM
RYJ0545,PSS JAYA SEPAKAT
RYN0593,PSS KUALA KLAWANG
RYN0009,PSS TMN MARIDA
RYJ0933,PSS AUSTIN PERDANA
RYJ0832,PSS JALAN STOREY
RYJ0980,PSS TMN DAYA JOHOR
RYC0479,PSS FELDA TERSANG 3
RYJ1070,PSS TMN SRI ORKID
RYB0607,PSS RAWANG IND PARK2
RYB0437,PSS RAWANG RSA
RYJ0762,PSS JLN MASAI
RYB0668,PSS BANDAR BARU SELAYANG
RYJ0678,PSS KOTA MASAI
RYN0177,PSS RANTAU
RYJ1081,PSS SETIA TROPIKA
RYM0733,PSS AIR KEROH 3
RYN1019,PSS GARDEN AVENUE (SEREMBAN 2 LOT A)
RYJ1005,PSS JLN AIR HITAM KLUANG
RYD1279,PSS KAMPUNG GAUNG
RYN0063,PSS KUALA PILAH
RYN0470,PSS PEKAN NILAI
RYJ0484,PSS TMN UNIVERSITI 1
RYA0268,PSS JALAN TUPAI
RYA0406,PSS PANTAI REMIS
RYN1020,PSS S2 CITY PARK
RYK1181,PSS SUNGAI JAGUNG
RYD1144,PSS TOK KENALI
RYJ0124,PSS TEBRAU 1
RYK0059,PSS KUAH LANGKAWI
RYN0413,PSS ROMPIN
RYM1233,PSS JASIN BESTARI
RYM0383,PSS KELEMAK
RYJ0139,PSS JLN GENUANG
RYN0689,PSS LAVENDER HEIGHT
RYT0358,PSS TOK RANDOK
RYB0705,PSS BDR BARU RAWANG
RYJ0156,PSS JLN SULAIMAN
RYJ0903,PSS LANGKASUKA
RYM0575,PSS MASJID TANAH
RYN0583,PSS NILAI PAJAM
RYJ0611,PSS KANGKAR PULAI
RYN0244,PSS SENALING
RYM0114,PSS JLN DATO' SERI HJ MAT ZAIN
RYJ0191,PSS JLN BAKRI 1
RYM0168,PSS KLEBANG BESAR
RYJ0243,PSS FELDA CHAAH
RYJ0185,PSS KOTA MASAI 2
RYM0481,PSS BUKIT BARU 2
RYK0296,PSS L/RAYA DARULAMAN
RYM1160,PSS LEBUH AMJ CHENG
RYJ0698,PSS PUTERI WANGSA
RYD0662,PSS KUBANG KERIAN
RYJ0504,PSS MACHAP A UTARA
RYJ0697,PSS PELANGI INDAH
RYJ1009,PSS PONTIAN SKUDAI
RYM0294,PSS A KEROH RSA (SB)
RYW0604,PSS JLN GENTING KELANG
RYJ0388,PSS JLN TUN SRI LANANG
RYN0173,PSS KL - SEREMBAN HWAY
RYB0396,PSS LABIS ARAH SEGAMAT
RYJ0151,PSS MERSING
RYJ0902,PSS PARIT YAANI
RYN0275,PSS REMBAU
RYN0057,PSS BDR BARU SERTING
RYJ0778,PSS NUSA BESTARI ( TAN SRI YAACOB)
RYJ0278,PSS TMN DESA KLUANG
RYK1048,PSS TOBIAR - DBS
RYT1136,PSS BATU RAKIT 2
RYM1222,PSS LEBUH AMJ BALAI PANJANG
RYJ0110,PSS TANGKAK
RYD0158,PSS MAKA
RYJ0909,PSS JLN KEMPAS LAMA
RYM0380,PSS PULAU SEBANG
RYB0675,PSS BKT ANTARABANGSA
RYM0861,PSS TMN RAMBAI UTAMA
RYB0847,PSS HULU KLANG 2
RYT0277,PSS KUALA BERANG
RYJ0789,PSS R&R SKUDAI UTARA
RYN0095,PSS RASAH JAYA
RYN0740,PSS AMPANGAN 2
RYM0441,PSS BACHANG
RYJ0464,PSS PAGOH
RYK1200,PSS GURUN-JENIANG
RYN0570,PSS SEREMBAN 2
RYP0752,PSS JURU LAYBY NB
RYD1255,PSS PCB KOTA BAHRU
RYN0693,PSS SENAWANG 2
RYJ1143,PSS TAMAN KULAI PERMAI
RYJ0905,PSS TMN PERLING
RYD1167,PSS BANDAR BARU TUNJUNG
RYJ0773,PSS BDR PUTRA 2
RYJ0900,PSS GEMEREH
RYN0574,PSS SEREMBAN JAYA
RYB1058,PSS PUTERI PUCHONG
RYB0463,PSS RAWANG IND PARK1
RYW0726,PSS BATU 6 JLN IPOH
RYJ0384,PSS BUKIT KEMPAS
RYB0939,PSS TMN SRI GOMBAK
RYJ0912,PSS JALAN SETIA 3
RYT0276,PSS JLN SULTAN OMAR
RYM1221,PSS LEBUH SPA KRUBONG
RYJ0637,PSS NUSA PERINTIS
RYA0884,PSS TAPAH RSA NORTH
RYW0976,PSS SEK2 WANGSA MAJU
RYN0863,PSS JLN S'BAN JELEBU
RYC1078,PSS PERMATANG BADAK
RYJ0989,PSS KM 4 SALLEH MUAR
RYJ0935,PSS BDR BARU AIR HITAM
RYJ0906,PSS BDR SRI SAUJANA
RYJ0007,PSS BDR TENGGARA
RYB0962,PSS JLN SG TUA
RYJ0737,PSS TMN BKT DAHLIA
RYJ0805,PSS BATU ANAM
RYM0482,PSS SELANDAR
RYM0339,PSS SIMPANG EMPAT
RYJ0137,PSS YONG PENG
RYJ0777,PSS BAYU SENIBONG
RYC0239,PSS KG PANDAN KUANTAN BY PASS
RYB1073,PSS SG BULOH LAYBY
RYM1212,PSS LEBUH AMJ SG PETAI
RYN0062,PSS SEREMBAN - KL HWAY
RYN0615,PSS BDR BARU NILAI
RYJ0558,PSS BUKIT INDAH 2
RYN0378,PSS BAHAU 2 JUASEH
RYJ0667,PSS PULAI PERDANA
RYC0039,PSS MUADZAM SHAH 1 (Bdr Muazam)
RYJ0963,PSS KULAI KOTA TINGGI
RYA0188,PSS SLIM RIVER
RYB0669,PSS USJ 14 SUBANG
RYJ0563,PSS MUTIARA RINI
RYP0054,PSS SG BAKAP
RYN0224,PSS AMPANGAN 1
RYC1030,PSS KM 72 LEBUHRAYA KARAK ARAH KL (MUKIM SABAI)
RYJ1198,PSS TAMAN BANANG JAYA
RYW1122,PSS JALAN KUCHING
RYK0345,PSS BALING
RYN0214,PSS JLN RAHANG S'BAN
RYJ0964,PSS TMN DESA TEBRAU
RYN0549,PSS JLN HJ SAID SBAN
RYW0976,PSS SIMPANG AMPAT
RYD0181,PSS MELOR
RYN0073,PSS GEMENCHEH
RYJ0249,PSS KELAPA SAWIT
RYJ0091,PSS TONGKANG PECAH
RYT0599,PSS BDR PERMAISURI
RYJ0248,PSS PONTIAN ALSAGOFF
RYB0982,PSS BKT BERUNTUNG
RYJ0053,PSS PASIR GUDANG
RYJ0899,PSS TMN SETIA INDAH
RYJ0927,PSS BDR PUTRA PLOT 3
RYN0223,PSS SUNGAI UJONG
RYK1162,PSS TAMAN TENGKU MAHERAN
RYM0252,PSS AIR KEROH 1
RYM0081,PSS SG RAMBAI
RYJ0900,PSS GUNUNG SEMANGGOL R&R
RYJ0687,PSS JLN RAHMAT
RYN0681,PSS JALAN LOBAK
RYJ0354,PSS BDR BARU UDA 2
RYJ1038,PSS JALAN JOHOR PONTIAN
RYJ0910,PSS JLN DATIN HALIMAH
RYN0772,PSS MATAHARI HEIGHTS
RYJ0907,PSS JLN TAMPOI 3
RYB0845,PSS SG BULOH RESORT
RYJ0932,PSS JALAN LINGKARAN DALAM
RYB0439,PSS PANDAN INDAH
RYK0317,PSS BAKAR ARANG
RYM1147,PSS LEBUH AMJ SEMABOK
RYB0918,PSS MRR2 AMPANG (TESCO)
RYM0363,PSS UJONG PASIR
RYJ0576,PSS JLN LARKIN
RYB1241,PSS LATAR 2 (KL-BOUND)
RYA0088,PSS JLN TUN A RAZAK
RYJ0637,PSS PEKAN LUKUT
RYW0235,PSS TMN SETIAWANGSA
RYN0078,PSS GEMAS
RYN0364,PSS MAMBAU
RYT0325,PSS PASIR PANJANG
RYJ0144,PSS RENGIT
RYD1196,PSS CHICHA ARAH PASIR PUTIH
RYA1163,PSS JALAN RAJA DIHILIR
RYB0856,PSS RAWANG KUNDANG
RYW0720,PSS PRECINT 11 PUTRAJAYA
RYJ0302,PSS BKT KANGKAR
RYB0731,PSS MUTIARA D'SARA
RYB0992,PSS BDR PUNCAK JALIL
RYW0320,PSS KM 2.95 PENCHALA LINK - DAMANSARA BOUND
RYC0032,PSS JERANTUT 1
RYB0780,PSS ELITE LAYBY
RYN0068,PSS SENAWANG 1
RYA0658,PSS BDR UNIVERSITI
RYB0842,PSS SUBANG BISTARI
RYW0708,PSS SPRINT H/W
RYJ0776,PSS TMN UNIVERSITI 2
RYB0682,PSS KEPONG IND.PARK
RYN0531,PSS PORT DICKSON 2
RYW1128,PSS JALAN GOMBAK
RYJ0130,PSS PARIT SULONG
RYB0113,PSS SELAYANG BARU
RYM0640,PSS BEMBAN JASIN
RYN0250,PSS TAMPIN
RYW0993,PSS NPE-PANTAI E/WAY
RYB0713,PSS ARA DAMANSARA
RYB0337,PSS SEK 6 SHAH ALAM
RYJ0281,PSS SALENG
RYB0943,PSS NKVE KLANG BOUND
RYB0632,PSS BUKIT TINGGI 1
RYC0680,PSS KM26 JLN GAMBANG
RYB0163,PSS SEC 20 SHAH ALAM
RYB0263,PSS BATU 2 MERU
RYC0390,PSS DARAT MAKBAR
RYP0519,PSS BAGAN LALANG
RYB0098,PSS TMN KLANG UTAMA
RYB0716,PSS BDR GLENMARIE
RYM0343,PSS JASIN
RYB1000,PSS KM 5.75 PENCHALA LINK - KL BOUND
RYJ0090,PSS BENUT
RYN1189,PSS RASAH BAT
RYC1236,PSS PERAMU 2
RYJ1091,PSS JLN TUN RAZAK IPOH
RYB0258,PSS SUNGAI BESAR
RYB0715,PSS KESAS H/WAY EAST (KL-BOUND)
RYJ1093,PSS JLN TG LABOH
RYJ0781,PSS BDR SERI ALAM 2
RYW0017,PSS LOT 59 JL AMPANG
RYM0480,PSS AIR KEROH 2
RYC0659,PSS MENTAKAB
RYM1011,PSS REMBIA
RYJ0567,PSS SIMPANG KANAN 1
RYB0732,PSS CYBERJAYA
RYB0723,PSS FEDERAL H/WAY FAS
RYB0695,PSS BDR BKT TINGGI 2
RYB1133,PSS SRI DAMANSARA
RYW0333,PSS BKT BANDAR RAYA
RYW0308,PSS SRI HARTAMAS
RYP0323,PSS TASEK GELUGOR
RYW0709,PSS MRR2 KEPONG ARAH KL
RYW0042,PSS BATU 8 JLN IPOH
RYD1277,PSS JLN BAYAM
RYB0529,PSS ELITE HIGHWAY
RYN0428,PSS FELDA PALONG 4
RYJ0897,PSS LEBUHRAYA PASIR GUDANG 2
RYM0433,PSS DURIAN TUNGGAL
RYJ0548,PSS TMN MOLEK
RYB0985,PSS KOTA DAMANSARA 2 (SEC 4)
RYC0408,PSS JERANTUT 2
RYB0594,PSS LOT 279 HULU KLANG
RYM0569,PSS SUNGAI UDANG
RYN0348,PSS SIMPANG DURIAN
RYJ0483,PSS TAMPOI UTAMA
RYD0287,PSS BUKIT BUNGA
RYB0608,PSS GRAND SAGA1 KL B
RYJ1088,PSS PERMAS KECHIL
RYB1075,PSS BDR MAHKOTA CHERAS
RYB0719,PSS BKT NANDING H LANGAT
RYC0023,PSS ROMPIN 1 B BARU
RYB0465,PSS BALAKONG 2
RYW0712,PSS SRI PERMAISURI
RYN1064,PSS TAMAN BANDAR SENAWANG
RYJ1148,PSS TAMAN RINTING
RYT1028,PSS WAKAF BHARU
RYB0001,PSS DAMANSARA JAYA 1
RYB0718,PSS JELATEK 2
RYJ0584,PSS TMN YAYASAN
RYW0312,PSS JALAN KUARI
RYJ0155,PSS SENAI AIRPORT
RYB0595,PSS AMPANG PERMAI
RYJ0547,PSS JLN BATU PAHAT
RYJ0060,PSS KM 7 JLN SKUDAI
RYJ0518,PSS KULAI
RYB0336,PSS TMN SRI ANDALAS
RYB0586,PSS BDR KINRARA
RYB0435,PSS USJ 4 SUBANG
RYJ0991,PSS PRECINT 9D PUTRAJAYA
RYB1109,PSS PUCHONG GATEWAY
RYC0242,PSS ROMPIN 2
RYB1178,PSS PERSIARAN MAHKOTA CHERAS
RYB0290,PSS BUKIT BELACHAN
RYT0664,PSS KERTEH 2
RYB0692,PSS KOTA DAMANSARA 1 (SEC 2)
RYW0770,PSS PRECINT 16 PUTRAJAYA
RYJ1112,PSS PERSIARAN INDAH
RYB0743,PSS SEC 22 SHAH ALAM
RYB0941,PSS BDR SRI PUTRA
RYB0076,PSS AU2 TMN KERAMAT
RYM1102,PSS JALAN LORONG PANDAN
RYB0835,PSS SEC 13 SHAH ALAM
RYJ0493,PSS TMN DELIMA
RYA0878,PSS KG KEPAYANG (SG RAYA)
RYB1101,PSS TAMAN PELANGI MUKIM SEMENYIH
RYB0651,PSS SILK HIGHWAY
RYB0340,PSS JALAN 222 PJ
RYB0282,PSS BATU 3 S ALAM
RYB0753,PSS R&R KINRARA
RYJ0971,PSS JLN TUN RAZAK JB
RYN0866,PSS SENAWANG PAROI
RYP0999,PSS SG DUA
RYW0447,PSS SG PENCHALA
RYJ1125,PSS JLN BANDAR PASIR GUDANG
RYJ0898,PSS JLN YAHYA AWAL
RYW0025,PSS BT 5 1/2  CHERAS
RYB0696,PSS PUCHONG PRIMA
RYW0849,PSS SETAPAK
RYB0983,PSS BANDAR TASEK PUTERI
RYJ0956,PSS MUAR BYPASS
RYB0850,PSS PUNCAK ALAM 2
RYA0749,PSS BDR BEHRANG 2020
RYB0255,PSS BALAKONG 1
RYB0763,PSS BUKIT KEMUNING 2
RYB0559,PSS JALAN LANGAT
RYB0648,PSS DESA MENTARI
RYJ0298,PSS FELDA MOAKIL
RYB0613,PSS SRI KEMBANGAN 2
RYB0837,PSS KANCHONG DARAT
RYB0525,PSS BT 2 1/2 J KAPAR
RYK0448,PSS BAGAN SAMAK
RYB0848,PSS TANJUNG KARANG
RYW1023,PSS KM 5.5 JALAN CHERAS
RYB0397,PSS PUCHONG BATU 14
RYW0335,PSS TAMAN MELATI
RYB0765,PSS EQUINE PARK 2
RYB0747,PSS PERSIARAN JAYA
RYD0636,PSS TMN GUCHIL JAYA
RYB1045,PSS RAHMAN PUTRA
RYJ0310,PSS PALONG TIMUR 1
RYM0946,PSS PANGLIMA AWANG
RYJ0520,PSS PERMAS JAYA 2
RYB0389,PSS PUCHONG JAYA
RYB0940,PSS BDR BARU BANGI 9
RYW0291,PSS TAMAN MALURI
RYC0515,PSS GENTING SEMPAH
RYM0182,PSS BUKIT BERUANG
RYN0862,PSS PEDAS LINGGI
RYJ0392,PSS PEKAN BUKIT PASIR MUAR
RYN0069,PSS PORT DICKSON 1
RYB0572,PSS PENDAMAR INDAH 1
RYP1025,PSS JLN DATO ISMAIL HASHIM
RYB1034,PSS SAUJANA PUTRA
RYB0450,PSS BATU BELAH
RYB0614,PSS SEC 28 ALAM MEGAH
RYC1236,PSS PUCHONG BY PASS
RYB1242,PSS PUTRA PERDANA
RYB0994,PSS KOTA BAYU EMAS
RYB0424,PSS ULU BERNAM
RYN0672,PSS TUN DR ISMAIL
RYB0396,PSS UPM SERDANG
RYB0838,PSS KM12.3 FEDERAL H/WAY
RYB0105,PSS BAGAN NAKHODA
RYJ0417,PSS MUKIM SERMIN
RYB0958,PSS PUTRA HEIGHTS 2
RYD0247,PSS PINTU GENG
RYB0112,PSS JLN PANDANGAN
RYB0843,PSS KOTA KEMUNING 2
RYB1029,PSS JLN SG JATI
RYB0396,PSS SERDANG RAYA
RYJ0120,PSS KOTA TINGGI
RYC0460,PSS LURAH BILUT
RYB0019,PSS KELANA JAYA 1
RYT0600,PSS BANDAR JERTEH
RYB0617,PSS PENDAMAR INDAH 2
RYB0251,PSS USJ 2 SUBANG
RYP0097,PSS KEPALA BATAS SPU
RYB0860,PSS PERSIARAN APEC
RYB0293,PSS BANTING
RYJ1013,PSS JLN BUKIT PASIR-TASIK MERDEKA
RYB0650,PSS PANGLIMA GARANG
RYB0596,PSS TMN GASING INDAH
RYB0591,PSS SHAPADU H/WAY
RYT0600,PSS BANDAR KLANG
RYB1039,PSS SALAK TINGGI
RYB0525,PSS BT 4 1/2 JL IPOH
RYB0429,PSS USJ 6 SUBANG
RYB0459,PSS USJ 9 SUBANG
RYB0787,PSS TMN BERSATU RWG
RYC0369,PSS BENTONG 1
RYD1170,PSS PERSIARAN RAYA GUA MUSANG
RYB0029,PSS UNIKEB 1
RYW1130,PSS PRECINT 18 PUTRAJAYA
RYB0087,PSS TAMAN CEMPAKA
RYW0002,PSS TTDI
RYB0366,PSS GENTING KLANG
RYB0351,PSS BT1 JL SEMENYIH
RYW0320,PSS KM 11 JLN SKUDAI07-2377128
RYJ0565,PSS MUKIM KESANG
RYD0033,PSS KM 3 JLN K.KRAI
RYB0534,PSS PERSIARAN RAJA MUDA MUSA
RYJ0784,PSS JLN TAMPOI 2
RYJ0538,PSS SEMERAH
RYW0320,PSS KEPONG INDAH
RYN0177,PSS RANTAU
RYC0405,PSS FELDA KERATONG 4
RYB0660,PSS BATANG KALI 2
RYJ1091,PSS JLN BULOH KASAP
RYB1044,PSS KM 305 (PLUS) ARAH SELATAN
RYM0571,PSS JLN LAKSAMANA CHENG HO
RYM0271,PSS BUKIT BARU 1
RYM0153,PSS TANGGA BATU
RYB1240,PSS LATAR 1 (KUALA SELANGOR-BOUND)
RYJ0904,PSS TMN AMAN SENAI
RYJ0498,PSS 2ND LINK (NORTH)
RYB1056,PSS TMN RAKAN
RYB0848,PSS TANJUNG KARANG
RYJ0167,PSS BDR BARU UDA 1
RYB1119,PSS KM 0.7 (BESRAYA) ARAH UTARA
RYB0259,PSS SUNGAI MERAB
RYA0374,PSS KG MANJOI
RYC0329,PSS SIMPANG CHINI
RYJ0478,PSS BUKIT BATU
RYB1140,PSS SG PELEK
RYA0891,PSS TAMAN RISHAH HIJAU
RYA0359,PSS KAMPUNG GAJAH
RYK1210,PSS KULIM SENTRAL
RYC0872,PSS KG UBAI
RYA0643,PSS BATU GAJAH PERDANA
RYC1078,PSS PUNCAK ALAM 2 - NO PMT
RYB0595,PSS AMPANG PERMAI
RYB0263,PSS BATU 8 JLN IPOH - NO PMT
RYB0958,PSS SG BULOH RESORT - NO PMT
RYJ0545,PSS RAWANG KUNDANG - NO PMT
RYW0134,PSS JLN SG JATI - NO PMT
RYB0559,PSS JLN PANDANGAN - NO PMT
RYW0447,PSS TAMAN PUTRA - NO PMT
RYN0428,PSS PENDAMAR INDAH 1 - NO PMT
RYB1119,PSS KOTA BAYU EMAS - NO PMT
RYB0525,PSS BT 5 1/2  CHERAS - NO PMT
RYN0063,PSS LEBUH SPA KRUBONG - NO PMT
RYW0134,PSS JLN RHU AMPANG
RYB0293,PSS BANTING
RYP1141,PSS CHAI LENG PARK - TEMPORARY CLOSE
RYB0290,PSS BUKIT BELACHAN
RYB0330,PSS JLN KIM CHUAN
RYJ0973,PSS SUNGAI GURAP
RYW0727,PSS PRECINT 9 PUTRAJAYA
,PSS JALAN KAKI BUKIT
,PSS FELDA PALONG 14
,"PSS PASIR PUTIH, PASIR GUDANG"
,PSS LEBUHRAYA PASIR GUDANG 1
,PSS KLANG GATE
,PSS KAMPUNG UBAI
,PSS SG JATI ARAH KLANG
,PSS AMPANG UKAY
,PSS D'AMBANG KOTA
,PSS JLN SULTANAH
,PSS TMN UDA MURNI
,PSS TMN CEMPAKA JB
,PSS OLAK LEMPIT 2
,PSS TEMASYA
,PSS BANDAR TIRAM
,PSS BESRAYA SALAK JAYA (SB)
,PSS BDR SRI SENDAYAN
,PSS PERSIARAN KAYANGAN
